{"weights": [0.32007312774658203, 0.32007312774658203, 0.32007312774658203, 0.32007312774658203, 0.32007312774658203, 0.32007312774658203, 0.32007312774658203, 0.32007312774658203, 0.32007312774658203, 0.32007312774658203], "pi+": {"mom": [[191.0512237548828, -172.8214569091797, 154.44601440429688], [523.321044921875, -293.8818664550781, -93.3653564453125], [92.61090850830078, -0.06849540770053864, -138.00038146972656], [-248.46531677246094, -220.24368286132812, -334.6308898925781], [175.65145874023438, -304.37890625, -114.98479461669922], [-120.59484100341797, -326.62890625, -35.09820556640625], [322.836181640625, 67.60713958740234, -435.9709777832031], [-265.7182922363281, -135.29019165039062, -474.5047912597656], [-254.19187927246094, -424.19439697265625, -188.96104431152344], [-131.08714294433594, 197.13565063476562, 222.595458984375]], "pos": [[0.0, 0.0, 0.0], [0.0, 0.0, 0.0], [0.0, 0.0, 0.0], [0.0, 0.0, 0.0], [0.0, 0.0, 0.0], [0.0, 0.0, 0.0], [0.0, 0.0, 0.0], [0.0, 0.0, 0.0], [0.0, 0.0, 0.0], [0.0, 0.0, 0.0]], "pdgid": 211, "pdgname": "pi+", "pdgmass": 139.57061, "hel": [[0.0018784378189593554, -0.7842395305633545, 0.8550629019737244, 0.055337224155664444, 0.6072372198104858], [0.0018787123262882233, -0.5469356179237366, 0.3623749613761902, 0.026295289397239685, -0.15246182680130005], [0.0018784034764394164, -0.013573119416832924, 2.3930530548095703, 0.15048043429851532, -1.471731185913086], [0.0018784378189593554, -2.5719125270843506, 0.6616190671920776, 0.04365311935544014, -0.9952811598777771], [0.0018784378189593554, -1.1158219575881958, 0.6246500015258789, 0.04144608974456787, -0.3225078284740448], [0.0018784378189593554, -2.048635244369507, 0.6305479407310486, 0.0417974554002285, -0.09806700050830841], [0.0018784378189593554, 0.18798962235450745, 0.666062593460083, 0.04391910135746002, -1.3054275512695312], [0.0018784378189593554, -2.842500686645508, 0.7376521825790405, 0.04822222515940666, -1.5717467069625854], [0.0018784378189593554, -2.2466938495635986, 0.4415438771247864, 0.030736060813069344, -0.37683480978012085], [0.0018784378189593554, 2.0185742378234863, 0.9311893582344055, 0.05997845157980919, 0.9519991278648376]], "helcov": [[[9.999999747378752e-05, 0.0, 0.0, 0.0, 0.0], [0.0, 0.0014518147800117731, 0.0, 0.0, 0.0], [0.0, 0.0, 0.0008999999845400453, 0.0, 0.0], [0.0, 0.0, 0.0, 0.0019627667497843504, 0.0], [0.0, 0.0, 0.0, 0.0, 0.0009985367069020867]], [[9.999999747378752e-05, 0.0, 0.0, 0.0, 0.0], [0.0, 0.0007545497501268983, 0.0, 0.0, 0.0], [0.0, 0.0, 0.0008999999845400453, 0.0, 0.0], [0.0, 0.0, 0.0, 0.00044318989966996014, 0.0], [0.0, 0.0, 0.0, 0.0, 0.000160496449097991]], [[9.999999747378752e-05, 0.0, 0.0, 0.0, 0.0], [0.0, 0.00010000136535381898, 0.0, 0.0, 0.0], [0.0, 0.0, 0.0008999999845400453, 0.0, 0.0], [0.0, 0.0, 0.0, 0.01451423205435276, 0.0], [0.0, 0.0, 0.0, 0.0, 0.0056510609574615955]], [[9.999999747378752e-05, 0.0, 0.0, 0.0, 0.0], [0.0, 0.014696664176881313, 0.0, 0.0, 0.0], [0.0, 0.0, 0.0008999999845400453, 0.0, 0.0], [0.0, 0.0, 0.0, 0.0012214187299832702, 0.0], [0.0, 0.0, 0.0, 0.0, 0.002639357466250658]], [[9.999999747378752e-05, 0.0, 0.0, 0.0, 0.0], [0.0, 0.0028426118660718203, 0.0, 0.0, 0.0], [0.0, 0.0, 0.0008999999845400453, 0.0, 0.0], [0.0, 0.0, 0.0, 0.001101034926250577, 0.0], [0.0, 0.0, 0.0, 0.0, 0.0003676418855320662]], [[9.999999747378752e-05, 0.0, 0.0, 0.0, 0.0], [0.0, 0.009359072893857956, 0.0, 0.0, 0.0], [0.0, 0.0, 0.0008999999845400453, 0.0, 0.0], [0.0, 0.0, 0.0, 0.0011197824496775866, 0.0], [0.0, 0.0, 0.0, 0.0, 0.00012540395255200565]], [[9.999999747378752e-05, 0.0, 0.0, 0.0, 0.0], [0.0, 0.00020653648243751377, 0.0, 0.0, 0.0], [0.0, 0.0, 0.0008999999845400453, 0.0, 0.0], [0.0, 0.0, 0.0, 0.0012363482965156436, 0.0], [0.0, 0.0, 0.0, 0.0, 0.004467676859349012]], [[9.999999747378752e-05, 0.0, 0.0, 0.0, 0.0], [0.0, 0.01793096214532852, 0.0, 0.0, 0.0], [0.0, 0.0, 0.0008999999845400453, 0.0, 0.0], [0.0, 0.0, 0.0, 0.0014904879499226809, 0.0], [0.0, 0.0, 0.0, 0.0, 0.0064309993758797646]], [[9.999999747378752e-05, 0.0, 0.0, 0.0, 0.0], [0.0, 0.011237137019634247, 0.0, 0.0, 0.0], [0.0, 0.0, 0.0008999999845400453, 0.0, 0.0], [0.0, 0.0, 0.0, 0.0006055226549506187, 0.0], [0.0, 0.0, 0.0, 0.0, 0.00046501363976858556]], [[9.999999747378752e-05, 0.0, 0.0, 0.0, 0.0], [0.0, 0.011738265864551067, 0.0, 0.0, 0.0], [0.0, 0.0, 0.0008999999845400453, 0.0, 0.0], [0.0, 0.0, 0.0, 0.0023058149963617325, 0.0], [0.0, 0.0, 0.0, 0.0, 0.0023101698607206345]]], "meas_pos": [[0.0013266801834106445, 0.0013297796249389648, 0.055337224155664444], [0.0009770393371582031, 0.0016045570373535156, 0.026295289397239685], [2.5494955480098724e-05, 0.0018782317638397217, 0.15048043429851532], [0.0010131001472473145, -0.0015817880630493164, 0.04365311935544014], [0.0016872882843017578, 0.0008254647254943848, 0.04144608974456787], [0.0016679763793945312, -0.0008637905120849609, 0.0417974554002285], [-0.0003510415554046631, 0.0018453598022460938, 0.04391910135746002], [0.0005534589290618896, -0.0017949342727661133, 0.04822222515940666], [0.001465439796447754, -0.0011751651763916016, 0.030736060813069344], [-0.0016931891441345215, -0.0008132755756378174, 0.05997845157980919]], "meas_mom": [[184.11007690429688, -183.68394470214844, 157.924072265625], [524.1431274414062, -319.14910888671875, -93.56016540527344], [92.9171142578125, -1.2612526416778564, -136.76161193847656], [-283.0284423828125, -181.2846221923828, -334.52288818359375], [156.44085693359375, -319.785888671875, -114.8131332397461], [-162.17977905273438, -313.1687316894531, -34.58539962768555], [327.9845275878906, 62.394432067871094, -435.8386535644531], [-288.0809631347656, -88.82734680175781, -473.8260803222656], [-315.0716857910156, -392.9071350097656, -189.78643798828125], [-103.39544677734375, 215.26483154296875, 227.34561157226562]]}, "K-": {"mom": [[-83.35623168945312, -475.01226806640625, -429.5111083984375], [32.78627014160156, -149.76048278808594, 63.806766510009766], [-319.4678955078125, -659.6785888671875, 280.1878662109375], [-403.08721923828125, 124.1297836303711, 64.0962905883789], [521.627685546875, 212.08445739746094, 4.390491962432861], [527.7772216796875, -257.24285888671875, 19.484094619750977], [268.12615966796875, 116.51102447509766, 84.10234069824219], [-242.40283203125, -126.55936431884766, 50.010623931884766], [167.70166015625, -275.60736083984375, 90.24671173095703], [477.2580871582031, -66.82395935058594, 385.78936767578125]], "pos": [[0.0, 0.0, 0.0], [0.0, 0.0, 0.0], [0.0, 0.0, 0.0], [0.0, 0.0, 0.0], [0.0, 0.0, 0.0], [0.0, 0.0, 0.0], [0.0, 0.0, 0.0], [0.0, 0.0, 0.0], [0.0, 0.0, 0.0], [0.0, 0.0, 0.0]], "pdgid": -321, "pdgname": "K-", "pdgmass": 493.677, "hel": [[0.0018784378189593554, -1.8571832180023193, -0.46923503279685974, 0.03138938918709755, -0.8794444799423218], [0.0018784378189593554, -1.4431777000427246, -1.4586572647094727, 0.09144660085439682, 0.4218459725379944], [0.0018784378189593554, -2.152153253555298, -0.311525821685791, 0.022694354876875877, 0.38754063844680786], [0.0018784378189593554, 2.6599912643432617, -0.5353811979293823, 0.03521765023469925, 0.1550411880016327], [0.0018784378189593554, 0.3582622706890106, -0.4030506908893585, 0.027646295726299286, 0.01024363748729229], [0.0018784378189593554, -0.4853287935256958, -0.3868831396102905, 0.026749402284622192, 0.035663384944200516], [0.0018785750726237893, 0.3806544244289398, -0.7687920331954956, 0.04912005737423897, 0.291963130235672], [0.0018784378189593554, -2.8316121101379395, -0.8213484287261963, 0.05230112746357918, 0.18619850277900696], [0.0018784378189593554, -1.0911235809326172, -0.6974157691001892, 0.044823259115219116, 0.2839345633983612], [0.0018784378189593554, -0.15474461019039154, -0.4695765972137451, 0.03140896186232567, 0.81062251329422]],